,count,mean,std,min,25%,50%,75%,max
LIWC_Anger,49918.0,0.0048769459775375125,0.010287692296400537,0.0,0.0,0.0,0.0058823529411764,0.2459016393442623
prev_pair_interactions_24h,49918.0,0.011919548058816459,0.13140327355053885,0.0,0.0,0.0,0.0,6.0
prev_pair_mean_anger_24h,49918.0,5.0694583331005305e-05,0.0010247350799319442,0.0,0.0,0.0,0.0,0.0707964601769911
Average word length,49918.0,5.332481815953239,1.4128619798435835,1.92510460251,4.5589318961975,4.95427472064,5.65625,175.95
LIWC_Conj,49918.0,0.04084138887264663,0.028074725771001455,0.0,0.0186915887850467,0.0434782608695652,0.0614035087719298,0.2677595628415301
Automated readability index,49918.0,21.48077767189006,15.48294887582745,5.53829129887,15.110104943300001,18.5571344538,24.298220251350003,822.711
LIWC_CogMech,49918.0,0.11673149242351326,0.06269372550552102,0.0,0.075,0.1253263707571801,0.16173636247410375,0.3636363636363636
Number of words,49918.0,232.33042189190272,354.1721194817408,9.0,42.0,107.0,263.0,7094.0
common_neighbors_so_far,49918.0,4.311410713570255,11.150858691033605,0.0,0.0,1.0,3.0,245.0
