TIMESTAMP,rows,negative_links,negative_rate
2013-12-31,6,1,0.16666666666666666
2014-01-31,4069,308,0.07569427377734086
2014-02-28,3962,294,0.07420494699646643
2014-03-31,4740,395,0.08333333333333333
2014-04-30,4686,359,0.07661118224498506
2014-05-31,4869,430,0.08831382214006983
2014-06-30,4550,364,0.08
2014-07-31,5132,437,0.08515198752922837
2014-08-31,5356,415,0.07748319641523525
2014-09-30,4903,356,0.07260860697532123
2014-10-31,5211,335,0.06428708501247361
2014-11-30,2347,157,0.06689390711546656
2014-12-31,16,1,0.0625
2015-01-31,7,0,0.0
2015-02-28,6,0,0.0
2015-03-31,5,0,0.0
2015-04-30,6,0,0.0
2015-05-31,5,0,0.0
2015-06-30,3,0,0.0
2015-07-31,6,0,0.0
2015-08-31,3,0,0.0
2015-09-30,1,0,0.0
2015-10-31,1,0,0.0
2015-11-30,7,0,0.0
2015-12-31,4,1,0.25
2016-01-31,2,0,0.0
2016-02-29,2,1,0.5
2016-03-31,6,0,0.0
2016-04-30,0,0,
2016-05-31,0,0,
2016-06-30,0,0,
2016-07-31,1,0,0.0
2016-08-31,0,0,
2016-09-30,2,0,0.0
2016-10-31,0,0,
2016-11-30,0,0,
2016-12-31,2,0,0.0
2017-01-31,1,0,0.0
2017-02-28,0,0,
2017-03-31,0,0,
2017-04-30,1,0,0.0
