SOURCE_SUBREDDIT,TARGET_SUBREDDIT,rows,negative_links,negative_rate
trendingsubreddits,changelog,110,0,0.0
crashwhowritings,writingprompts,108,0,0.0
buildapc,buildapcforme,70,0,0.0
eatcheapandhealthy,freeebooks,69,0,0.0
magicthecirclejerking,magictcg,67,6,0.08955223880597014
hailcorporate,funny,63,1,0.015873015873015872
circlebroke,askreddit,62,18,0.2903225806451613
hailcorporate,pics,62,3,0.04838709677419355
brokehugs,christianity,61,17,0.2786885245901639
circloljerk,leagueoflegends,61,11,0.18032786885245902
summonerschool,leagueoflegends,57,1,0.017543859649122806
hailcorporate,videos,56,4,0.07142857142857142
argentinacirclejerk,argentina,55,1,0.01818181818181818
circlebroke,worldnews,54,14,0.25925925925925924
writingprompts,pics,53,0,0.0
outoftheloop,askreddit,52,5,0.09615384615384616
dogemarket,dogecoin,52,0,0.0
circlebroke,news,51,22,0.43137254901960786
circlebroke,adviceanimals,49,19,0.3877551020408163
hailcorporate,todayilearned,48,6,0.125
