model,accuracy,macro_f1,weighted_f1,negative_precision,negative_recall,negative_f1,tn,fp,fn,tp,train_seconds
TF-IDF word 1-2 + Logistic Regression balanced,0.8561698717948718,0.6314639829070726,0.8800355049399587,0.2493368700265252,0.5529411764705883,0.3436928702010969,8172,1132,304,376,40.30081640000026
TF-IDF + Properties + HF columns + Logistic Regression balanced,0.8374399038461539,0.6236402072520375,0.8686646037208294,0.23496346261944911,0.6147058823529412,0.3399755998373323,7943,1361,262,418,85.8432130000001
TF-IDF word 1-2 + Linear SVC balanced,0.8975360576923077,0.6319795826705646,0.9020136636265264,0.2916160388821385,0.35294117647058826,0.3193612774451098,8721,583,440,240,44.8955404999997
HF sentiment columns + Properties + Logistic Regression balanced,0.7289663461538461,0.5475541733489557,0.7950231037933364,0.1602951039570758,0.7029411764705882,0.2610595303113053,6800,2504,202,478,2.3917858000004344
Properties + Logistic Regression balanced,0.7230568910256411,0.5427988074507252,0.7907722821277191,0.15650741350906094,0.6985294117647058,0.2557200538358008,6744,2560,205,475,2.396571100000074
HF Content_Sentiment direct baseline,0.8349358974358975,0.5704988161957989,0.8616023889063694,0.1707482993197279,0.36911764705882355,0.23348837209302326,8085,1219,429,251,0.0
HF sentiment columns + Logistic Regression balanced,0.7008213141025641,0.5069090371574072,0.7740068612070851,0.12093328951692409,0.5411764705882353,0.19769003491807682,6629,2675,312,368,0.03517759999976988
Properties + Random Forest balanced,0.9321915064102564,0.502285607619502,0.9018446626008002,0.56,0.020588235294117647,0.03971631205673759,9293,11,666,14,12.470440099999905
Rule: high previous anger -> negative,0.9289863782051282,0.48439424669936915,0.897959400631595,0.06060606060606061,0.0029411764705882353,0.005610098176718092,9273,31,678,2,0.0
Dummy most frequent,0.9318910256410257,0.4823724595603484,0.8990371321613545,0.0,0.0,0.0,9304,0,680,0,0.001595400000041991
