model,accuracy,macro_f1,weighted_f1,negative_precision,negative_recall,negative_f1,tn_fp_fn_tp
TF-IDF word 1-2 + Logistic Regression balanced,0.8485576923076923,0.6470329440108941,0.8725461896526718,0.2780107849011384,0.6018158236057068,0.380327868852459,"[8008, 1205, 307, 464]"
TF-IDF + Properties + Logistic Regression balanced,0.8386418269230769,0.6406349037537646,0.8661880606010638,0.2669256381798002,0.6238651102464332,0.37388262728332683,"[7892, 1321, 290, 481]"
TF-IDF word 1-2 + Linear SVC balanced,0.8902243589743589,0.6461382520811699,0.8946398095332083,0.32356134636264927,0.3865110246433204,0.35224586288416077,"[8590, 623, 473, 298]"
HF Content sentiment + Properties + Logistic Regression balanced,0.7415865384615384,0.5660428942091409,0.7994191847254779,0.1840726510653161,0.6835278858625162,0.2900385250412768,"[6877, 2336, 244, 527]"
Properties + Logistic Regression balanced,0.7426883012820513,0.5642458618776613,0.8000278423835088,0.181657223796034,0.6653696498054474,0.28539638386648125,"[6902, 2311, 258, 513]"
HF Content_Sentiment direct baseline,0.823417467948718,0.5740739562214382,0.8496280766562719,0.1848792884371029,0.377431906614786,0.24818763326226012,"[7930, 1283, 480, 291]"
HF Content sentiment + Logistic Regression balanced,0.69921875,0.5220172682737776,0.7680996681311175,0.1439055520102106,0.5849546044098574,0.23098591549295774,"[6530, 2683, 320, 451]"
Properties + Random Forest balanced,0.9229767628205128,0.522703710171333,0.8922875568807692,0.5142857142857142,0.04669260700389105,0.08561236623067776,"[9179, 34, 735, 36]"
Dummy most frequent,0.9227764423076923,0.47991873730270357,0.8857154100099774,0.0,0.0,0.0,"[9213, 0, 771, 0]"
