model,accuracy,macro_f1,weighted_f1,negative_precision,negative_recall,negative_f1,tn,fp,fn,tp
TF-IDF word 1-2 + Logistic Regression balanced,0.8483573717948718,0.6483014775744895,0.872587249023157,0.27926322043969104,0.6095979247730221,0.3830480847595762,8000,1213,301,470
TF-IDF + Properties + Logistic Regression balanced,0.8378405448717948,0.6388503470995313,0.8655235692818883,0.2647058823529412,0.6186770428015564,0.37077341624562765,7888,1325,294,477
TF-IDF word 1-2 + Linear SVC balanced,0.8907251602564102,0.6479413825173745,0.895146864566939,0.3264642082429501,0.39040207522697795,0.3555818074424099,8592,621,470,301
HF Content sentiment + Properties + Logistic Regression balanced,0.7381810897435898,0.5629366626512086,0.7969470159435025,0.18125216188170185,0.6796368352788587,0.2861824139814309,6846,2367,247,524
Properties + Logistic Regression balanced,0.7316706730769231,0.5560966611326323,0.7921526905694379,0.17484662576687116,0.6653696498054474,0.27692307692307694,6792,2421,258,513
HF Content_Sentiment direct baseline,0.8232171474358975,0.5739057816975606,0.849496530625548,0.18464467005076143,0.377431906614786,0.24797613975287602,7928,1285,480,291
VADER compound direct baseline,0.7651241987179487,0.5471204700426391,0.8128036629799806,0.1557305336832896,0.46173800259403375,0.23290807981681386,7283,1930,415,356
HF Content sentiment + Logistic Regression balanced,0.6990184294871795,0.522069353143629,0.7679630325662221,0.14404079031230083,0.5862516212710766,0.231261192120747,6527,2686,319,452
Properties + Decision Tree balanced,0.6886017628205128,0.5113624222572455,0.7601990284496791,0.1346875,0.5590142671854734,0.21707378494082094,6444,2769,340,431
Properties + Random Forest balanced,0.9229767628205128,0.5301751999419886,0.8934166057718167,0.5119047619047619,0.055771725032425425,0.10058479532163743,9172,41,728,43
Dummy most frequent,0.9227764423076923,0.47991873730270357,0.8857154100099774,0.0,0.0,0.0,9213,0,771,0
